INSERT INTO
    Addresses (
        AddressLine,
        City,
        ProvinceState,
        Country
    )
VALUES (
        '123 Nguyen Trai',
        'Ha Noi',
        'Ha Noi',
        'Vietnam'
    ),
    (
        '45 Le Loi',
        'Da Nang',
        'Da Nang',
        'Vietnam'
    ),
    (
        '78 Tran Hung Dao',
        'Ho Chi Minh',
        'Ho Chi Minh',
        'Vietnam'
    ),
    (
        '56 Hai Ba Trung',
        'Hue',
        'Thua Thien Hue',
        'Vietnam'
    ),
    (
        '90 Nguyen Hue',
        'Can Tho',
        'Can Tho',
        'Vietnam'
    ),
    (
        '12 Ly Thuong Kiet',
        'Hai Phong',
        'Hai Phong',
        'Vietnam'
    ),
    (
        '234 Tran Phu',
        'Nha Trang',
        'Khanh Hoa',
        'Vietnam'
    ),
    (
        '67 Le Duan',
        'Vung Tau',
        'Ba Ria-Vung Tau',
        'Vietnam'
    ),
    (
        '89 Phan Dinh Phung',
        'Bien Hoa',
        'Dong Nai',
        'Vietnam'
    ),
    (
        '145 Quang Trung',
        'Quy Nhon',
        'Binh Dinh',
        'Vietnam'
    ),
    (
        '23 Bach Dang',
        'Da Lat',
        'Lam Dong',
        'Vietnam'
    ),
    (
        '178 Le Lai',
        'Buon Ma Thuot',
        'Dak Lak',
        'Vietnam'
    ),
    (
        '34 Vo Van Tan',
        'Long Xuyen',
        'An Giang',
        'Vietnam'
    ),
    (
        '56 Nguyen Van Linh',
        'Thai Nguyen',
        'Thai Nguyen',
        'Vietnam'
    ),
    (
        '89 Hoang Van Thu',
        'Vinh',
        'Nghe An',
        'Vietnam'
    ),
    (
        '123 Tran Quoc Toan',
        'Nam Dinh',
        'Nam Dinh',
        'Vietnam'
    );

INSERT INTO
    Users (
        UserId,
        FirstName,
        LastName,
        Email,
        Password,
        PhoneNumber,
        Role
    )
VALUES (
        'u1',
        'Minh',
        'Nguyen',
        'minh.nguyen@example.com',
        '$2a$10$N9qo8uLOickgx2ZMRZoMye1J8P0W5hZW5J5J0P0W5hZW5J5J0P0W5h',
        '0905123456',
        'Doctor'
    ),
    (
        'u2',
        'Hoa',
        'Tran',
        'hoa.tran@example.com',
        '$2a$10$N9qo8uLOickgx2ZMRZoMye1J8P0W5hZW5J5J0P0W5hZW5J5J0P0W5h',
        '0905234567',
        'Patient'
    ),
    (
        'u3',
        'Binh',
        'Pham',
        'binh.pham@example.com',
        '$2a$10$N9qo8uLOickgx2ZMRZoMye1J8P0W5hZW5J5J0P0W5hZW5J5J0P0W5h',
        '0905345678',
        'Doctor'
    ),
    (
        'u4',
        'Linh',
        'Le',
        'linh.le@example.com',
        '$2a$10$N9qo8uLOickgx2ZMRZoMye1J8P0W5hZW5J5J0P0W5hZW5J5J0P0W5h',
        '0905456789',
        'Patient'
    ),
    (
        'u5',
        'Khoa',
        'Hoang',
        'khoa.hoang@example.com',
        '$2a$10$N9qo8uLOickgx2ZMRZoMye1J8P0W5hZW5J5J0P0W5hZW5J5J0P0W5h',
        '0905567890',
        'Doctor'
    ),
    (
        'u6',
        'Thu',
        'Vo',
        'thu.vo@example.com',
        '$2a$10$N9qo8uLOickgx2ZMRZoMye1J8P0W5hZW5J5J0P0W5hZW5J5J0P0W5h',
        '0905678901',
        'Patient'
    ),
    (
        'u7',
        'Dung',
        'Nguyen',
        'dung.nguyen@example.com',
        '$2a$10$N9qo8uLOickgx2ZMRZoMye1J8P0W5hZW5J5J0P0W5hZW5J5J0P0W5h',
        '0905789012',
        'Doctor'
    ),
    (
        'u8',
        'Hanh',
        'Dao',
        'hanh.dao@example.com',
        '$2a$10$N9qo8uLOickgx2ZMRZoMye1J8P0W5hZW5J5J0P0W5hZW5J5J0P0W5h',
        '0905890123',
        'Patient'
    ),
    (
        'u9',
        'Tuan',
        'Bui',
        'tuan.bui@example.com',
        '$2a$10$N9qo8uLOickgx2ZMRZoMye1J8P0W5hZW5J5J0P0W5hZW5J5J0P0W5h',
        '0905901234',
        'Doctor'
    ),
    (
        'u10',
        'Mai',
        'Phan',
        'mai.phan@example.com',
        '$2a$10$N9qo8uLOickgx2ZMRZoMye1J8P0W5hZW5J5J0P0W5hZW5J5J0P0W5h',
        '0906012345',
        'Patient'
    ),
    (
        'u11',
        'Phong',
        'Tran',
        'phong.tran@example.com',
        '$2a$10$N9qo8uLOickgx2ZMRZoMye1J8P0W5hZW5J5J0P0W5hZW5J5J0P0W5h',
        '0906123456',
        'Doctor'
    ),
    (
        'u12',
        'Lan',
        'Nguyen',
        'lan.nguyen@example.com',
        '$2a$10$N9qo8uLOickgx2ZMRZoMye1J8P0W5hZW5J5J0P0W5hZW5J5J0P0W5h',
        '0906234567',
        'Patient'
    ),
    (
        'u13',
        'Hung',
        'Vo',
        'hung.vo@example.com',
        '$2a$10$N9qo8uLOickgx2ZMRZoMye1J8P0W5hZW5J5J0P0W5hZW5J5J0P0W5h',
        '0906345678',
        'Patient'
    ),
    (
        'u14',
        'Quang',
        'Le',
        'quang.le@example.com',
        '$2a$10$N9qo8uLOickgx2ZMRZoMye1J8P0W5hZW5J5J0P0W5hZW5J5J0P0W5h',
        '0906456789',
        'Doctor'
    ),
    (
        'u15',
        'Nga',
        'Pham',
        'nga.pham@example.com',
        '$2a$10$N9qo8uLOickgx2ZMRZoMye1J8P0W5hZW5J5J0P0W5hZW5J5J0P0W5h',
        '0906567890',
        'Patient'
    ),
    (
        'u16',
        'Thanh',
        'Hoang',
        'thanh.hoang@example.com',
        '$2a$10$N9qo8uLOickgx2ZMRZoMye1J8P0W5hZW5J5J0P0W5hZW5J5J0P0W5h',
        '0906678901',
        'Patient'
    ),
    (
        'u17',
        'Long',
        'Dang',
        'long.dang@example.com',
        '$2a$10$N9qo8uLOickgx2ZMRZoMye1J8P0W5hZW5J5J0P0W5hZW5J5J0P0W5h',
        '0906789012',
        'Doctor'
    ),
    (
        'u18',
        'Huong',
        'Tran',
        'huong.tran@example.com',
        '$2a$10$N9qo8uLOickgx2ZMRZoMye1J8P0W5hZW5J5J0P0W5hZW5J5J0P0W5h',
        '0906890123',
        'Patient'
    ),
    (
        'u19',
        'Cuong',
        'Nguyen',
        'cuong.nguyen@example.com',
        '$2a$10$N9qo8uLOickgx2ZMRZoMye1J8P0W5hZW5J5J0P0W5hZW5J5J0P0W5h',
        '0906901234',
        'Doctor'
    ),
    (
        'u20',
        'Thuy',
        'Le',
        'thuy.le@example.com',
        '$2a$10$N9qo8uLOickgx2ZMRZoMye1J8P0W5hZW5J5J0P0W5hZW5J5J0P0W5h',
        '0907012345',
        'Patient'
    );

INSERT INTO
    Hospitals (
        HospitalID,
        Name,
        Type,
        Address,
        Hotline,
        Email,
        OpenTime,
        CloseTime
    )
VALUES (
        1,
        'Bach Mai Hospital',
        'General',
        '78 Giai Phong, Ha Noi',
        '02438693731',
        'contact@bachmai.vn',
        '07:00:00',
        '21:00:00'
    ),
    (
        2,
        'Da Nang Hospital',
        'General',
        '123 Hai Phong, Da Nang',
        '02363821111',
        'info@dananghospital.vn',
        '07:00:00',
        '20:00:00'
    ),
    (
        3,
        'Cho Ray Hospital',
        'General',
        '201B Nguyen Chi Thanh, Ho Chi Minh',
        '02838554137',
        'contact@choray.vn',
        '00:00:00',
        '23:59:59'
    ),
    (
        4,
        'Hue Central Hospital',
        'General',
        '16 Le Loi, Hue',
        '02343822325',
        'info@huehospital.vn',
        '07:00:00',
        '20:00:00'
    ),
    (
        5,
        'Can Tho General Hospital',
        'General',
        '4 Chau Van Liem, Can Tho',
        '02923821533',
        'contact@canthohospital.vn',
        '07:00:00',
        '21:00:00'
    );

INSERT INTO
    MedicalDepartments (
        DepartmentID,
        Name,
        Description,
        HeadOfDepartment,
        Phone,
        Email
    )
VALUES (
        100,
        'Cardiology',
        'Heart related treatments',
        'Dr. Nguyen Van A',
        '0241111111',
        'cardio@bachmai.vn'
    ),
    (
        101,
        'Neurology',
        'Brain and nervous system',
        'Dr. Tran Van B',
        '0242222222',
        'neuro@bachmai.vn'
    ),
    (
        102,
        'Orthopedics',
        'Bone and joint treatments',
        'Dr. Le Van C',
        '0243333333',
        'ortho@bachmai.vn'
    ),
    (
        103,
        'Pediatrics',
        'Children healthcare',
        'Dr. Pham Thi D',
        '0244444444',
        'pediatric@bachmai.vn'
    ),
    (
        104,
        'Dermatology',
        'Skin conditions and treatments',
        'Dr. Hoang Van E',
        '0245555555',
        'derma@bachmai.vn'
    ),
    (
        105,
        'Gastroenterology',
        'Digestive system disorders',
        'Dr. Vo Thi F',
        '0246666666',
        'gastro@choray.vn'
    ),
    (
        106,
        'Oncology',
        'Cancer diagnosis and treatment',
        'Dr. Dao Van G',
        '0247777777',
        'onco@choray.vn'
    ),
    (
        107,
        'Psychiatry',
        'Mental health services',
        'Dr. Bui Thi H',
        '0248888888',
        'psych@dananghospital.vn'
    );

INSERT INTO
    HospitalDepartments (
        HospitalId,
        DepartmentId,
        Address
    )
VALUES (1, 100, 'Khu A, Tang 3'),
    (1, 101, 'Khu A, Tang 4'),
    (1, 102, 'Khu B, Tang 2'),
    (2, 101, 'Khu B, Tang 2'),
    (2, 103, 'Khu C, Tang 1'),
    (2, 104, 'Khu A, Tang 5'),
    (
        3,
        100,
        'Toa Nha Chinh, Tang 3'
    ),
    (3, 105, 'Toa Nha B, Tang 2'),
    (3, 106, 'Toa Nha C, Tang 4'),
    (4, 101, 'Khu A, Tang 2'),
    (4, 103, 'Khu B, Tang 1'),
    (5, 102, 'Tang 3, Phong 301'),
    (5, 107, 'Tang 2, Phong 205');

INSERT INTO
    Doctors (
        UserId,
        CitizenId,
        LicenseNumber,
        ConsultationFee,
        Specialization,
        HospitalDepartmentId
    )
VALUES (
        'u1',
        '0123456789',
        'LIC001',
        500000.00,
        'Cardiology',
        1
    ),
    (
        'u3',
        '0987654321',
        'LIC002',
        450000.00,
        'Neurology',
        2
    ),
    (
        'u5',
        '1234567890',
        'LIC003',
        480000.00,
        'Orthopedics',
        3
    ),
    (
        'u7',
        '9876543210',
        'LIC004',
        420000.00,
        'Pediatrics',
        5
    ),
    (
        'u9',
        '1122334455',
        'LIC005',
        460000.00,
        'Dermatology',
        6
    ),
    (
        'u11',
        '5544332211',
        'LIC006',
        550000.00,
        'Gastroenterology',
        8
    ),
    (
        'u14',
        '6677889900',
        'LIC007',
        600000.00,
        'Oncology',
        9
    ),
    (
        'u17',
        '9988776655',
        'LIC008',
        470000.00,
        'Psychiatry',
        13
    ),
    (
        'u19',
        '1231231234',
        'LIC009',
        510000.00,
        'Cardiology',
        7
    );

INSERT INTO
    Patients (
        UserId,
        CitizenId,
        AGE,
        Gender,
        EmergencyName,
        AddressId,
        EmergencyPhone,
        DateOfBirth
    )
VALUES (
        'u2',
        '111222333',
        29,
        'Female',
        'Tran Anh',
        1,
        '0911223344',
        '1996-05-15'
    ),
    (
        'u4',
        '222333444',
        35,
        'Female',
        'Le Van Minh',
        3,
        '0912334455',
        '1990-03-20'
    ),
    (
        'u6',
        '333444555',
        42,
        'Female',
        'Vo Thanh Tam',
        4,
        '0913445566',
        '1983-07-10'
    ),
    (
        'u8',
        '444555666',
        28,
        'Female',
        'Dao Van Long',
        5,
        '0914556677',
        '1997-11-25'
    ),
    (
        'u10',
        '555666777',
        31,
        'Female',
        'Phan Thi Hue',
        6,
        '0915667788',
        '1994-02-14'
    ),
    (
        'u12',
        '666777888',
        45,
        'Female',
        'Nguyen Van Hung',
        7,
        '0916778899',
        '1980-09-08'
    ),
    (
        'u13',
        '777888999',
        38,
        'Male',
        'Vo Thi Mai',
        8,
        '0917889900',
        '1987-04-17'
    ),
    (
        'u15',
        '888999000',
        26,
        'Female',
        'Pham Van Tuan',
        9,
        '0918990011',
        '1999-12-03'
    ),
    (
        'u16',
        '999000111',
        33,
        'Male',
        'Hoang Thi Lan',
        10,
        '0919001122',
        '1992-06-22'
    ),
    (
        'u18',
        '000111222',
        40,
        'Female',
        'Tran Van Phong',
        11,
        '0920112233',
        '1985-01-30'
    ),
    (
        'u20',
        '111222444',
        27,
        'Female',
        'Le Thi Nga',
        12,
        '0921223344',
        '1998-08-19'
    );

INSERT INTO
    PatientInsurances (
        InsuranceId,
        PatientId,
        ProviderName,
        ExpiryDate,
        Type
    )
VALUES (
        'INS001',
        'u2',
        'Bao Viet',
        '2026-12-31',
        'Health'
    ),
    (
        'INS002',
        'u4',
        'Bao Minh',
        '2026-06-30',
        'Health'
    ),
    (
        'INS003',
        'u6',
        'PTI',
        '2025-12-31',
        'Health'
    ),
    (
        'INS004',
        'u8',
        'Bao Viet',
        '2026-09-15',
        'Health'
    ),
    (
        'INS005',
        'u10',
        'Generali',
        '2026-03-20',
        'Health'
    ),
    (
        'INS006',
        'u12',
        'Manulife',
        '2025-11-30',
        'Health'
    ),
    (
        'INS007',
        'u15',
        'Bao Viet',
        '2026-08-10',
        'Health'
    ),
    (
        'INS008',
        'u18',
        'PTI',
        '2026-05-25',
        'Health'
    ),
    (
        'INS009',
        'u20',
        'Bao Minh',
        '2026-10-31',
        'Health'
    );

INSERT INTO
    Conditions (
        ConditionName,
        Description,
        Type
    )
VALUES (
        'Hypertension',
        'High blood pressure',
        'Chronic'
    ),
    (
        'Migraine',
        'Severe headache disorder',
        'Neurological'
    ),
    (
        'Diabetes',
        'Blood sugar regulation disorder',
        'Chronic'
    ),
    (
        'Arthritis',
        'Joint inflammation',
        'Musculoskeletal'
    ),
    (
        'Asthma',
        'Respiratory condition',
        'Respiratory'
    ),
    (
        'Depression',
        'Mental health disorder',
        'Psychiatric'
    ),
    (
        'Eczema',
        'Chronic skin condition',
        'Dermatological'
    ),
    (
        'Gastritis',
        'Stomach inflammation',
        'Gastrointestinal'
    ),
    (
        'Anxiety',
        'Anxiety disorder',
        'Psychiatric'
    ),
    (
        'Back Pain',
        'Chronic back pain',
        'Musculoskeletal'
    );

INSERT INTO
    TreatedBy (ConditionID, DepartmentID)
VALUES (1, 100),
    (2, 101),
    (3, 100),
    (4, 102),
    (5, 103),
    (6, 107),
    (7, 104),
    (8, 105),
    (9, 107),
    (10, 102);

INSERT INTO
    PatientConditions (PatientId, ConditionID)
VALUES ('u2', 1),
    ('u2', 3),
    ('u4', 2),
    ('u6', 1),
    ('u6', 4),
    ('u8', 5),
    ('u10', 3),
    ('u12', 6),
    ('u13', 4),
    ('u13', 10),
    ('u15', 7),
    ('u16', 1),
    ('u18', 8),
    ('u20', 9);

INSERT INTO
    DoctorAvailabilities (
        DoctorId,
        AvailableDate,
        StartTime,
        EndTime,
        HospitalDepartmentId
    )
VALUES (
        'u1',
        '2025-11-10',
        '08:00:00',
        '12:00:00',
        1
    ),
    (
        'u1',
        '2025-11-11',
        '08:00:00',
        '12:00:00',
        1
    ),
    (
        'u1',
        '2025-11-12',
        '13:00:00',
        '17:00:00',
        1
    ),
    (
        'u3',
        '2025-11-10',
        '13:00:00',
        '17:00:00',
        2
    ),
    (
        'u3',
        '2025-11-11',
        '08:00:00',
        '12:00:00',
        2
    ),
    (
        'u3',
        '2025-11-13',
        '13:00:00',
        '17:00:00',
        2
    ),
    (
        'u5',
        '2025-11-10',
        '09:00:00',
        '13:00:00',
        3
    ),
    (
        'u5',
        '2025-11-12',
        '14:00:00',
        '18:00:00',
        3
    ),
    (
        'u7',
        '2025-11-10',
        '08:00:00',
        '16:00:00',
        5
    ),
    (
        'u7',
        '2025-11-11',
        '08:00:00',
        '16:00:00',
        5
    ),
    (
        'u9',
        '2025-11-11',
        '09:00:00',
        '17:00:00',
        6
    ),
    (
        'u9',
        '2025-11-13',
        '09:00:00',
        '17:00:00',
        6
    ),
    (
        'u11',
        '2025-11-10',
        '08:00:00',
        '14:00:00',
        8
    ),
    (
        'u11',
        '2025-11-12',
        '13:00:00',
        '19:00:00',
        8
    ),
    (
        'u14',
        '2025-11-11',
        '10:00:00',
        '16:00:00',
        9
    ),
    (
        'u14',
        '2025-11-13',
        '10:00:00',
        '16:00:00',
        9
    ),
    (
        'u17',
        '2025-11-10',
        '09:00:00',
        '15:00:00',
        13
    ),
    (
        'u17',
        '2025-11-12',
        '09:00:00',
        '15:00:00',
        13
    ),
    (
        'u19',
        '2025-11-11',
        '08:00:00',
        '12:00:00',
        7
    ),
    (
        'u19',
        '2025-11-13',
        '13:00:00',
        '17:00:00',
        7
    );

INSERT INTO
    Appointments (
        PatientId,
        DoctorId,
        ScheduleDate,
        ScheduleTime,
        EndTime,
        Status,
        Note,
        HospitalDepartmentId
    )
VALUES (
        'u2',
        'u1',
        '2025-11-10',
        '08:30:00',
        '09:00:00',
        'Scheduled',
        'Routine check-up for hypertension',
        1
    ),
    (
        'u4',
        'u3',
        '2025-11-10',
        '14:00:00',
        '14:30:00',
        'Scheduled',
        'Follow-up for migraine treatment',
        2
    ),
    (
        'u6',
        'u1',
        '2025-11-11',
        '09:00:00',
        '09:30:00',
        'Completed',
        'Blood pressure monitoring',
        1
    ),
    (
        'u8',
        'u7',
        '2025-11-10',
        '10:00:00',
        '10:30:00',
        'Scheduled',
        'Child asthma consultation',
        5
    ),
    (
        'u10',
        'u1',
        '2025-11-12',
        '14:00:00',
        '14:30:00',
        'Scheduled',
        'Diabetes management',
        1
    ),
    (
        'u12',
        'u17',
        '2025-11-10',
        '10:00:00',
        '11:00:00',
        'Completed',
        'Depression counseling session',
        13
    ),
    (
        'u13',
        'u5',
        '2025-11-10',
        '10:00:00',
        '10:30:00',
        'Scheduled',
        'Arthritis treatment consultation',
        3
    ),
    (
        'u15',
        'u9',
        '2025-11-11',
        '11:00:00',
        '11:30:00',
        'Scheduled',
        'Eczema skin examination',
        6
    ),
    (
        'u16',
        'u19',
        '2025-11-11',
        '09:00:00',
        '09:30:00',
        'Completed',
        'Cardiovascular check-up',
        7
    ),
    (
        'u18',
        'u11',
        '2025-11-10',
        '09:00:00',
        '09:30:00',
        'Scheduled',
        'Gastritis treatment',
        8
    ),
    (
        'u20',
        'u17',
        '2025-11-12',
        '11:00:00',
        '12:00:00',
        'Scheduled',
        'Anxiety disorder therapy',
        13
    ),
    (
        'u2',
        'u3',
        '2025-11-11',
        '09:00:00',
        '09:30:00',
        'Completed',
        'Neurological assessment',
        2
    ),
    (
        'u4',
        'u1',
        '2025-11-12',
        '15:00:00',
        '15:30:00',
        'Scheduled',
        'Heart health screening',
        1
    ),
    (
        'u6',
        'u5',
        '2025-11-12',
        '16:00:00',
        '16:30:00',
        'Scheduled',
        'Joint pain evaluation',
        3
    ),
    (
        'u8',
        'u9',
        '2025-11-13',
        '10:00:00',
        '10:30:00',
        'Scheduled',
        'Skin allergy consultation',
        6
    ),
    (
        'u10',
        'u14',
        '2025-11-13',
        '11:00:00',
        '11:30:00',
        'Scheduled',
        'Cancer screening',
        9
    ),
    (
        'u12',
        'u11',
        '2025-11-12',
        '15:00:00',
        '15:30:00',
        'Scheduled',
        'Digestive system check',
        8
    ),
    (
        'u15',
        'u7',
        '2025-11-11',
        '13:00:00',
        '13:30:00',
        'Completed',
        'Pediatric consultation',
        5
    ),
    (
        'u18',
        'u19',
        '2025-11-13',
        '14:00:00',
        '14:30:00',
        'Scheduled',
        'Heart disease follow-up',
        7
    ),
    (
        'u20',
        'u3',
        '2025-11-13',
        '15:00:00',
        '15:30:00',
        'Scheduled',
        'Headache evaluation',
        2
    );

INSERT INTO
    Reviews (
        Rating,
        Comment,
        PatientId,
        DoctorId
    )
VALUES (
        5,
        'Very caring and professional! Excellent doctor.',
        'u2',
        'u1'
    ),
    (
        4,
        'Good experience, helped me understand my condition better.',
        'u4',
        'u3'
    ),
    (
        5,
        'Outstanding service and very attentive.',
        'u6',
        'u1'
    ),
    (
        5,
        'Great with children, highly recommend!',
        'u8',
        'u7'
    ),
    (
        4,
        'Knowledgeable doctor, clear explanations.',
        'u12',
        'u17'
    ),
    (
        5,
        'Very helpful in managing my condition.',
        'u16',
        'u19'
    ),
    (
        4,
        'Professional and thorough examination.',
        'u2',
        'u3'
    ),
    (
        5,
        'Excellent care, felt comfortable throughout.',
        'u15',
        'u7'
    ),
    (
        4,
        'Good doctor, answered all my questions.',
        'u6',
        'u5'
    ),
    (
        5,
        'Highly skilled and compassionate.',
        'u10',
        'u1'
    ),
    (
        5,
        'Best psychiatrist I have seen.',
        'u20',
        'u17'
    ),
    (
        4,
        'Very patient and understanding.',
        'u18',
        'u11'
    );